iter	MAE	RMSE
0	7.711827768	9.043277306
10	7.591267496	8.906187373
20	7.499684363	8.800613972
30	7.398410348	8.685638322
40	7.297927847	8.567407817
50	7.198901601	8.451809359
60	7.118039876	8.358131932
70	7.054911679	8.284631328
80	6.971978852	8.190527021
90	6.890424699	8.09639074
